[{"model": "admin.logentry", "pk": 1, "fields": {"action_time": "2026-03-27T22:14:14.124Z", "user": 1, "content_type": 10, "object_id": "1", "object_repr": "Treino de Adaptação", "action_flag": 1, "change_message": "[{\"added\": {}}]"}}, {"model": "admin.logentry", "pk": 2, "fields": {"action_time": "2026-03-27T22:15:56.453Z", "user": 1, "content_type": 10, "object_id": "1", "object_repr": "Treino de Adaptação", "action_flag": 2, "change_message": "[{\"added\": {\"name\": \"divisao treino\", \"object\": \"A - Peito, Ombro e Triceps\"}}, {\"added\": {\"name\": \"divisao treino\", \"object\": \"B - Costa e Biceps\"}}, {\"added\": {\"name\": \"divisao treino\", \"object\": \"C - Abdomen e Pernas\"}}]"}}, {"model": "admin.logentry", "pk": 3, "fields": {"action_time": "2026-03-27T22:16:26.953Z", "user": 1, "content_type": 10, "object_id": "1", "object_repr": "Treino de Adaptação", "action_flag": 2, "change_message": "[{\"added\": {\"name\": \"cardio\", \"object\": \"Cardio 10-40 min\"}}]"}}, {"model": "admin.logentry", "pk": 4, "fields": {"action_time": "2026-03-27T22:18:26.296Z", "user": 1, "content_type": 9, "object_id": "1", "object_repr": "Manguito de dentro pra fora", "action_flag": 1, "change_message": "[{\"added\": {}}]"}}, {"model": "admin.logentry", "pk": 5, "fields": {"action_time": "2026-03-27T22:18:37.237Z", "user": 1, "content_type": 9, "object_id": "2", "object_repr": "Manguito de fora para dentro", "action_flag": 1, "change_message": "[{\"added\": {}}]"}}, {"model": "admin.logentry", "pk": 6, "fields": {"action_time": "2026-03-27T22:18:48.463Z", "user": 1, "content_type": 9, "object_id": "3", "object_repr": "Supino inclinado com halter", "action_flag": 1, "change_message": "[{\"added\": {}}]"}}, {"model": "admin.logentry", "pk": 7, "fields": {"action_time": "2026-03-27T22:18:58.211Z", "user": 1, "content_type": 9, "object_id": "4", "object_repr": "Supino reto com halter", "action_flag": 1, "change_message": "[{\"added\": {}}]"}}, {"model": "admin.logentry", "pk": 8, "fields": {"action_time": "2026-03-27T22:19:08.444Z", "user": 1, "content_type": 9, "object_id": "5", "object_repr": "Cross over polia alta", "action_flag": 1, "change_message": "[{\"added\": {}}]"}}, {"model": "admin.logentry", "pk": 9, "fields": {"action_time": "2026-03-27T22:19:22.187Z", "user": 1, "content_type": 9, "object_id": "6", "object_repr": "Peck deck voador", "action_flag": 1, "change_message": "[{\"added\": {}}]"}}, {"model": "admin.logentry", "pk": 10, "fields": {"action_time": "2026-03-27T22:19:37.201Z", "user": 1, "content_type": 9, "object_id": "7", "object_repr": "Cruxifixo inverso maquina", "action_flag": 1, "change_message": "[{\"added\": {}}]"}}, {"model": "admin.logentry", "pk": 11, "fields": {"action_time": "2026-03-27T22:19:46.630Z", "user": 1, "content_type": 9, "object_id": "8", "object_repr": "Elevação lateral", "action_flag": 1, "change_message": "[{\"added\": {}}]"}}, {"model": "admin.logentry", "pk": 12, "fields": {"action_time": "2026-03-27T22:19:54.370Z", "user": 1, "content_type": 9, "object_id": "9", "object_repr": "Triceps pulley", "action_flag": 1, "change_message": "[{\"added\": {}}]"}}, {"model": "admin.logentry", "pk": 13, "fields": {"action_time": "2026-03-27T22:20:00.405Z", "user": 1, "content_type": 9, "object_id": "10", "object_repr": "Triceps corda", "action_flag": 1, "change_message": "[{\"added\": {}}]"}}, {"model": "admin.logentry", "pk": 14, "fields": {"action_time": "2026-03-27T22:20:10.845Z", "user": 1, "content_type": 9, "object_id": "11", "object_repr": "Puxado de frente barra", "action_flag": 1, "change_message": "[{\"added\": {}}]"}}, {"model": "admin.logentry", "pk": 15, "fields": {"action_time": "2026-03-27T22:20:22.440Z", "user": 1, "content_type": 9, "object_id": "12", "object_repr": "puxador de frente delta", "action_flag": 1, "change_message": "[{\"added\": {}}]"}}, {"model": "admin.logentry", "pk": 16, "fields": {"action_time": "2026-03-27T22:20:39.303Z", "user": 1, "content_type": 9, "object_id": "13", "object_repr": "remada sentada", "action_flag": 1, "change_message": "[{\"added\": {}}]"}}, {"model": "admin.logentry", "pk": 17, "fields": {"action_time": "2026-03-27T22:20:57.032Z", "user": 1, "content_type": 9, "object_id": "14", "object_repr": "Remeda unilateral com halter", "action_flag": 1, "change_message": "[{\"added\": {}}]"}}, {"model": "admin.logentry", "pk": 18, "fields": {"action_time": "2026-03-27T22:21:07.777Z", "user": 1, "content_type": 9, "object_id": "15", "object_repr": "Encolhimento com halter", "action_flag": 1, "change_message": "[{\"added\": {}}]"}}, {"model": "admin.logentry", "pk": 19, "fields": {"action_time": "2026-03-27T22:21:14.330Z", "user": 1, "content_type": 9, "object_id": "16", "object_repr": "Rosca direta", "action_flag": 1, "change_message": "[{\"added\": {}}]"}}, {"model": "admin.logentry", "pk": 20, "fields": {"action_time": "2026-03-27T22:21:26.325Z", "user": 1, "content_type": 9, "object_id": "17", "object_repr": "Rosca martelo com halter", "action_flag": 1, "change_message": "[{\"added\": {}}]"}}, {"model": "admin.logentry", "pk": 21, "fields": {"action_time": "2026-03-27T22:21:35.695Z", "user": 1, "content_type": 9, "object_id": "18", "object_repr": "Rosca alternada", "action_flag": 1, "change_message": "[{\"added\": {}}]"}}, {"model": "admin.logentry", "pk": 22, "fields": {"action_time": "2026-03-27T22:21:56.032Z", "user": 1, "content_type": 9, "object_id": "19", "object_repr": "Agachamento smith", "action_flag": 1, "change_message": "[{\"added\": {}}]"}}, {"model": "admin.logentry", "pk": 23, "fields": {"action_time": "2026-03-27T22:22:04.371Z", "user": 1, "content_type": 9, "object_id": "20", "object_repr": "Cadeira extensora", "action_flag": 1, "change_message": "[{\"added\": {}}]"}}, {"model": "admin.logentry", "pk": 24, "fields": {"action_time": "2026-03-27T22:22:10.407Z", "user": 1, "content_type": 9, "object_id": "21", "object_repr": "Cadeira flexora", "action_flag": 1, "change_message": "[{\"added\": {}}]"}}, {"model": "admin.logentry", "pk": 25, "fields": {"action_time": "2026-03-27T22:22:18.447Z", "user": 1, "content_type": 9, "object_id": "22", "object_repr": "Leg press", "action_flag": 1, "change_message": "[{\"added\": {}}]"}}, {"model": "admin.logentry", "pk": 26, "fields": {"action_time": "2026-03-27T22:22:25.892Z", "user": 1, "content_type": 9, "object_id": "23", "object_repr": "Cadeira abdutora", "action_flag": 1, "change_message": "[{\"added\": {}}]"}}, {"model": "admin.logentry", "pk": 27, "fields": {"action_time": "2026-03-27T22:22:33.312Z", "user": 1, "content_type": 9, "object_id": "24", "object_repr": "Abdominal curto", "action_flag": 1, "change_message": "[{\"added\": {}}]"}}, {"model": "admin.logentry", "pk": 28, "fields": {"action_time": "2026-03-27T22:22:37.189Z", "user": 1, "content_type": 9, "object_id": "25", "object_repr": "Prancha", "action_flag": 1, "change_message": "[{\"added\": {}}]"}}, {"model": "admin.logentry", "pk": 29, "fields": {"action_time": "2026-03-27T22:22:45.571Z", "user": 1, "content_type": 9, "object_id": "26", "object_repr": "Abdominal Infra", "action_flag": 1, "change_message": "[{\"added\": {}}]"}}, {"model": "admin.logentry", "pk": 30, "fields": {"action_time": "2026-03-27T22:25:01.320Z", "user": 1, "content_type": 11, "object_id": "1", "object_repr": "Manguito de dentro pra fora (3x 8-10)", "action_flag": 1, "change_message": "[{\"added\": {}}]"}}, {"model": "admin.logentry", "pk": 31, "fields": {"action_time": "2026-03-27T22:25:59.630Z", "user": 1, "content_type": 11, "object_id": "2", "object_repr": "Supino inclinado com halter (3x 8-10)", "action_flag": 1, "change_message": "[{\"added\": {}}]"}}, {"model": "admin.logentry", "pk": 32, "fields": {"action_time": "2026-03-27T22:26:35.216Z", "user": 1, "content_type": 11, "object_id": "3", "object_repr": "Supino reto com halter (3x 8-10)", "action_flag": 1, "change_message": "[{\"added\": {}}]"}}, {"model": "admin.logentry", "pk": 33, "fields": {"action_time": "2026-03-27T22:27:07.720Z", "user": 1, "content_type": 11, "object_id": "4", "object_repr": "Cross over polia alta (3x 8-10)", "action_flag": 1, "change_message": "[{\"added\": {}}]"}}, {"model": "admin.logentry", "pk": 34, "fields": {"action_time": "2026-03-27T22:27:24.827Z", "user": 1, "content_type": 11, "object_id": "5", "object_repr": "Peck deck voador (3x 10-15)", "action_flag": 1, "change_message": "[{\"added\": {}}]"}}, {"model": "admin.logentry", "pk": 35, "fields": {"action_time": "2026-03-27T22:28:11.442Z", "user": 1, "content_type": 11, "object_id": "6", "object_repr": "Cruxifixo inverso maquina (3x 10-12)", "action_flag": 1, "change_message": "[{\"added\": {}}]"}}, {"model": "admin.logentry", "pk": 36, "fields": {"action_time": "2026-03-27T22:28:34.879Z", "user": 1, "content_type": 11, "object_id": "7", "object_repr": "Elevação lateral (3x 8-10)", "action_flag": 1, "change_message": "[{\"added\": {}}]"}}, {"model": "admin.logentry", "pk": 37, "fields": {"action_time": "2026-03-27T22:28:55.789Z", "user": 1, "content_type": 11, "object_id": "8", "object_repr": "Triceps pulley (3x 8-10)", "action_flag": 1, "change_message": "[{\"added\": {}}]"}}, {"model": "admin.logentry", "pk": 38, "fields": {"action_time": "2026-03-27T22:29:10.419Z", "user": 1, "content_type": 11, "object_id": "9", "object_repr": "Triceps corda (3x 12-15)", "action_flag": 1, "change_message": "[{\"added\": {}}]"}}, {"model": "admin.logentry", "pk": 39, "fields": {"action_time": "2026-03-27T22:29:50.135Z", "user": 1, "content_type": 11, "object_id": "10", "object_repr": "Manguito de fora para dentro (3x 8-10)", "action_flag": 1, "change_message": "[{\"added\": {}}]"}}, {"model": "admin.logentry", "pk": 40, "fields": {"action_time": "2026-03-27T22:30:18.934Z", "user": 1, "content_type": 11, "object_id": "11", "object_repr": "Puxado de frente barra (3x 10-15)", "action_flag": 1, "change_message": "[{\"added\": {}}]"}}, {"model": "admin.logentry", "pk": 41, "fields": {"action_time": "2026-03-27T22:33:24.473Z", "user": 1, "content_type": 11, "object_id": "12", "object_repr": "puxador de frente delta (3x 10-15)", "action_flag": 1, "change_message": "[{\"added\": {}}]"}}, {"model": "admin.logentry", "pk": 42, "fields": {"action_time": "2026-03-27T22:33:59.150Z", "user": 1, "content_type": 11, "object_id": "13", "object_repr": "remada sentada (3x 10-15)", "action_flag": 1, "change_message": "[{\"added\": {}}]"}}, {"model": "admin.logentry", "pk": 43, "fields": {"action_time": "2026-03-27T22:34:36.126Z", "user": 1, "content_type": 11, "object_id": "14", "object_repr": "Remeda unilateral com halter (3x 10-10)", "action_flag": 1, "change_message": "[{\"added\": {}}]"}}, {"model": "admin.logentry", "pk": 44, "fields": {"action_time": "2026-03-27T22:35:02.299Z", "user": 1, "content_type": 11, "object_id": "15", "object_repr": "Encolhimento com halter (3x 12-12)", "action_flag": 1, "change_message": "[{\"added\": {}}]"}}, {"model": "admin.logentry", "pk": 45, "fields": {"action_time": "2026-03-27T22:35:38.641Z", "user": 1, "content_type": 11, "object_id": "16", "object_repr": "Rosca direta (3x 10-12)", "action_flag": 1, "change_message": "[{\"added\": {}}]"}}, {"model": "admin.logentry", "pk": 46, "fields": {"action_time": "2026-03-27T22:35:56.579Z", "user": 1, "content_type": 11, "object_id": "17", "object_repr": "Rosca martelo com halter (3x 8-10)", "action_flag": 1, "change_message": "[{\"added\": {}}]"}}, {"model": "admin.logentry", "pk": 47, "fields": {"action_time": "2026-03-27T22:36:39.847Z", "user": 1, "content_type": 11, "object_id": "18", "object_repr": "Rosca alternada (3x 8-10)", "action_flag": 1, "change_message": "[{\"added\": {}}]"}}, {"model": "admin.logentry", "pk": 48, "fields": {"action_time": "2026-03-27T22:37:01.559Z", "user": 1, "content_type": 9, "object_id": "27", "object_repr": "Paturrilha Livre", "action_flag": 1, "change_message": "[{\"added\": {}}]"}}, {"model": "admin.logentry", "pk": 49, "fields": {"action_time": "2026-03-27T22:37:24.895Z", "user": 1, "content_type": 11, "object_id": "19", "object_repr": "Agachamento smith (3x 10-15)", "action_flag": 1, "change_message": "[{\"added\": {}}]"}}, {"model": "admin.logentry", "pk": 50, "fields": {"action_time": "2026-03-27T22:37:44.839Z", "user": 1, "content_type": 11, "object_id": "20", "object_repr": "Cadeira extensora (3x 8-10)", "action_flag": 1, "change_message": "[{\"added\": {}}]"}}, {"model": "admin.logentry", "pk": 51, "fields": {"action_time": "2026-03-27T22:38:10.036Z", "user": 1, "content_type": 11, "object_id": "21", "object_repr": "Cadeira flexora (3x 8-10)", "action_flag": 1, "change_message": "[{\"added\": {}}]"}}, {"model": "admin.logentry", "pk": 52, "fields": {"action_time": "2026-03-27T22:38:31.380Z", "user": 1, "content_type": 11, "object_id": "22", "object_repr": "Leg press (3x 10-15)", "action_flag": 1, "change_message": "[{\"added\": {}}]"}}, {"model": "admin.logentry", "pk": 53, "fields": {"action_time": "2026-03-27T22:39:28.370Z", "user": 1, "content_type": 9, "object_id": "28", "object_repr": "Paturrilha sentado", "action_flag": 1, "change_message": "[{\"added\": {}}]"}}, {"model": "admin.logentry", "pk": 54, "fields": {"action_time": "2026-03-27T22:39:57.538Z", "user": 1, "content_type": 11, "object_id": "23", "object_repr": "Paturrilha sentado (3x 12-15)", "action_flag": 1, "change_message": "[{\"added\": {}}]"}}, {"model": "admin.logentry", "pk": 55, "fields": {"action_time": "2026-03-27T22:40:32.960Z", "user": 1, "content_type": 11, "object_id": "24", "object_repr": "Paturrilha Livre (3x 20-20)", "action_flag": 1, "change_message": "[{\"added\": {}}]"}}, {"model": "admin.logentry", "pk": 56, "fields": {"action_time": "2026-03-27T22:40:53.249Z", "user": 1, "content_type": 11, "object_id": "25", "object_repr": "Cadeira abdutora (3x 10-10)", "action_flag": 1, "change_message": "[{\"added\": {}}]"}}, {"model": "admin.logentry", "pk": 57, "fields": {"action_time": "2026-03-27T22:41:16.154Z", "user": 1, "content_type": 11, "object_id": "26", "object_repr": "Abdominal curto (3x 10-15)", "action_flag": 1, "change_message": "[{\"added\": {}}]"}}, {"model": "admin.logentry", "pk": 58, "fields": {"action_time": "2026-03-27T22:42:12.413Z", "user": 1, "content_type": 11, "object_id": "27", "object_repr": "Prancha (3x Nones)", "action_flag": 1, "change_message": "[{\"added\": {}}]"}}, {"model": "admin.logentry", "pk": 59, "fields": {"action_time": "2026-03-27T22:42:40.120Z", "user": 1, "content_type": 11, "object_id": "28", "object_repr": "Abdominal Infra (3x 10-12)", "action_flag": 1, "change_message": "[{\"added\": {}}]"}}, {"model": "auth.permission", "pk": 1, "fields": {"name": "Can add log entry", "content_type": 1, "codename": "add_logentry"}}, {"model": "auth.permission", "pk": 2, "fields": {"name": "Can change log entry", "content_type": 1, "codename": "change_logentry"}}, {"model": "auth.permission", "pk": 3, "fields": {"name": "Can delete log entry", "content_type": 1, "codename": "delete_logentry"}}, {"model": "auth.permission", "pk": 4, "fields": {"name": "Can view log entry", "content_type": 1, "codename": "view_logentry"}}, {"model": "auth.permission", "pk": 5, "fields": {"name": "Can add permission", "content_type": 3, "codename": "add_permission"}}, {"model": "auth.permission", "pk": 6, "fields": {"name": "Can change permission", "content_type": 3, "codename": "change_permission"}}, {"model": "auth.permission", "pk": 7, "fields": {"name": "Can delete permission", "content_type": 3, "codename": "delete_permission"}}, {"model": "auth.permission", "pk": 8, "fields": {"name": "Can view permission", "content_type": 3, "codename": "view_permission"}}, {"model": "auth.permission", "pk": 9, "fields": {"name": "Can add group", "content_type": 2, "codename": "add_group"}}, {"model": "auth.permission", "pk": 10, "fields": {"name": "Can change group", "content_type": 2, "codename": "change_group"}}, {"model": "auth.permission", "pk": 11, "fields": {"name": "Can delete group", "content_type": 2, "codename": "delete_group"}}, {"model": "auth.permission", "pk": 12, "fields": {"name": "Can view group", "content_type": 2, "codename": "view_group"}}, {"model": "auth.permission", "pk": 13, "fields": {"name": "Can add user", "content_type": 4, "codename": "add_user"}}, {"model": "auth.permission", "pk": 14, "fields": {"name": "Can change user", "content_type": 4, "codename": "change_user"}}, {"model": "auth.permission", "pk": 15, "fields": {"name": "Can delete user", "content_type": 4, "codename": "delete_user"}}, {"model": "auth.permission", "pk": 16, "fields": {"name": "Can view user", "content_type": 4, "codename": "view_user"}}, {"model": "auth.permission", "pk": 17, "fields": {"name": "Can add content type", "content_type": 5, "codename": "add_contenttype"}}, {"model": "auth.permission", "pk": 18, "fields": {"name": "Can change content type", "content_type": 5, "codename": "change_contenttype"}}, {"model": "auth.permission", "pk": 19, "fields": {"name": "Can delete content type", "content_type": 5, "codename": "delete_contenttype"}}, {"model": "auth.permission", "pk": 20, "fields": {"name": "Can view content type", "content_type": 5, "codename": "view_contenttype"}}, {"model": "auth.permission", "pk": 21, "fields": {"name": "Can add session", "content_type": 6, "codename": "add_session"}}, {"model": "auth.permission", "pk": 22, "fields": {"name": "Can change session", "content_type": 6, "codename": "change_session"}}, {"model": "auth.permission", "pk": 23, "fields": {"name": "Can delete session", "content_type": 6, "codename": "delete_session"}}, {"model": "auth.permission", "pk": 24, "fields": {"name": "Can view session", "content_type": 6, "codename": "view_session"}}, {"model": "auth.permission", "pk": 25, "fields": {"name": "Can add exercicio", "content_type": 9, "codename": "add_exercicio"}}, {"model": "auth.permission", "pk": 26, "fields": {"name": "Can change exercicio", "content_type": 9, "codename": "change_exercicio"}}, {"model": "auth.permission", "pk": 27, "fields": {"name": "Can delete exercicio", "content_type": 9, "codename": "delete_exercicio"}}, {"model": "auth.permission", "pk": 28, "fields": {"name": "Can view exercicio", "content_type": 9, "codename": "view_exercicio"}}, {"model": "auth.permission", "pk": 29, "fields": {"name": "Can add cardio", "content_type": 7, "codename": "add_cardio"}}, {"model": "auth.permission", "pk": 30, "fields": {"name": "Can change cardio", "content_type": 7, "codename": "change_cardio"}}, {"model": "auth.permission", "pk": 31, "fields": {"name": "Can delete cardio", "content_type": 7, "codename": "delete_cardio"}}, {"model": "auth.permission", "pk": 32, "fields": {"name": "Can view cardio", "content_type": 7, "codename": "view_cardio"}}, {"model": "auth.permission", "pk": 33, "fields": {"name": "Can add protocolo", "content_type": 10, "codename": "add_protocolo"}}, {"model": "auth.permission", "pk": 34, "fields": {"name": "Can change protocolo", "content_type": 10, "codename": "change_protocolo"}}, {"model": "auth.permission", "pk": 35, "fields": {"name": "Can delete protocolo", "content_type": 10, "codename": "delete_protocolo"}}, {"model": "auth.permission", "pk": 36, "fields": {"name": "Can view protocolo", "content_type": 10, "codename": "view_protocolo"}}, {"model": "auth.permission", "pk": 37, "fields": {"name": "Can add divisao treino", "content_type": 8, "codename": "add_divisaotreino"}}, {"model": "auth.permission", "pk": 38, "fields": {"name": "Can change divisao treino", "content_type": 8, "codename": "change_divisaotreino"}}, {"model": "auth.permission", "pk": 39, "fields": {"name": "Can delete divisao treino", "content_type": 8, "codename": "delete_divisaotreino"}}, {"model": "auth.permission", "pk": 40, "fields": {"name": "Can view divisao treino", "content_type": 8, "codename": "view_divisaotreino"}}, {"model": "auth.permission", "pk": 41, "fields": {"name": "Can add treino exercicio", "content_type": 11, "codename": "add_treinoexercicio"}}, {"model": "auth.permission", "pk": 42, "fields": {"name": "Can change treino exercicio", "content_type": 11, "codename": "change_treinoexercicio"}}, {"model": "auth.permission", "pk": 43, "fields": {"name": "Can delete treino exercicio", "content_type": 11, "codename": "delete_treinoexercicio"}}, {"model": "auth.permission", "pk": 44, "fields": {"name": "Can view treino exercicio", "content_type": 11, "codename": "view_treinoexercicio"}}, {"model": "auth.user", "pk": 1, "fields": {"password": "pbkdf2_sha256$1200000$NPayhXQ4Nj00DrnmdLd9uG$vn8TS31V4cNTZP2UCNoGXU6VqqcyNiRFgcHrPXdg4qo=", "last_login": "2026-03-27T21:56:31.740Z", "is_superuser": true, "username": "andre", "first_name": "", "last_name": "", "email": "", "is_staff": true, "is_active": true, "date_joined": "2026-03-27T21:56:19.747Z", "groups": [], "user_permissions": []}}, {"model": "contenttypes.contenttype", "pk": 1, "fields": {"app_label": "admin", "model": "logentry"}}, {"model": "contenttypes.contenttype", "pk": 2, "fields": {"app_label": "auth", "model": "group"}}, {"model": "contenttypes.contenttype", "pk": 3, "fields": {"app_label": "auth", "model": "permission"}}, {"model": "contenttypes.contenttype", "pk": 4, "fields": {"app_label": "auth", "model": "user"}}, {"model": "contenttypes.contenttype", "pk": 5, "fields": {"app_label": "contenttypes", "model": "contenttype"}}, {"model": "contenttypes.contenttype", "pk": 6, "fields": {"app_label": "sessions", "model": "session"}}, {"model": "contenttypes.contenttype", "pk": 7, "fields": {"app_label": "protocolos", "model": "cardio"}}, {"model": "contenttypes.contenttype", "pk": 8, "fields": {"app_label": "protocolos", "model": "divisaotreino"}}, {"model": "contenttypes.contenttype", "pk": 9, "fields": {"app_label": "protocolos", "model": "exercicio"}}, {"model": "contenttypes.contenttype", "pk": 10, "fields": {"app_label": "protocolos", "model": "protocolo"}}, {"model": "contenttypes.contenttype", "pk": 11, "fields": {"app_label": "protocolos", "model": "treinoexercicio"}}, {"model": "sessions.session", "pk": "qhq138hgtyyfvkh3j0eqafwutfadxah6", "fields": {"session_data": ".eJxVjMsOwiAQRf-FtSFAh0dduvcbyAxDpWogKe3K-O_apAvd3nPOfYmI21ri1vMSZxZnocXpdyNMj1x3wHestyZTq-syk9wVedAur43z83K4fwcFe_nWXrMjb4JXyQJZDc6NhiEHVIrZGVaaEBL4SZHLMIwBQauJErIZvM3i_QHHxjeP:1w6FAN:DLKQ30cQZKyQZntPUELWoGSqdn4gw3sw_hBNoqn1nDY", "expire_date": "2026-04-10T21:56:31.746Z"}}, {"model": "protocolos.protocolo", "pk": 1, "fields": {"nome": "Treino de Adaptação", "descricao": "Inicio dia 26/03/2026\r\nFim dia 26/06/2026", "criado_em": "2026-03-27T22:14:14.124Z"}}, {"model": "protocolos.divisaotreino", "pk": 1, "fields": {"protocolo": 1, "nome": "A", "grupo_muscular": "Peito, Ombro e Triceps"}}, {"model": "protocolos.divisaotreino", "pk": 2, "fields": {"protocolo": 1, "nome": "B", "grupo_muscular": "Costa e Biceps"}}, {"model": "protocolos.divisaotreino", "pk": 3, "fields": {"protocolo": 1, "nome": "C", "grupo_muscular": "Abdomen e Pernas"}}, {"model": "protocolos.exercicio", "pk": 1, "fields": {"nome": "Manguito de dentro pra fora", "descricao": ""}}, {"model": "protocolos.exercicio", "pk": 2, "fields": {"nome": "Manguito de fora para dentro", "descricao": ""}}, {"model": "protocolos.exercicio", "pk": 3, "fields": {"nome": "Supino inclinado com halter", "descricao": ""}}, {"model": "protocolos.exercicio", "pk": 4, "fields": {"nome": "Supino reto com halter", "descricao": ""}}, {"model": "protocolos.exercicio", "pk": 5, "fields": {"nome": "Cross over polia alta", "descricao": ""}}, {"model": "protocolos.exercicio", "pk": 6, "fields": {"nome": "Peck deck voador", "descricao": ""}}, {"model": "protocolos.exercicio", "pk": 7, "fields": {"nome": "Cruxifixo inverso maquina", "descricao": ""}}, {"model": "protocolos.exercicio", "pk": 8, "fields": {"nome": "Elevação lateral", "descricao": ""}}, {"model": "protocolos.exercicio", "pk": 9, "fields": {"nome": "Triceps pulley", "descricao": ""}}, {"model": "protocolos.exercicio", "pk": 10, "fields": {"nome": "Triceps corda", "descricao": ""}}, {"model": "protocolos.exercicio", "pk": 11, "fields": {"nome": "Puxado de frente barra", "descricao": ""}}, {"model": "protocolos.exercicio", "pk": 12, "fields": {"nome": "puxador de frente delta", "descricao": ""}}, {"model": "protocolos.exercicio", "pk": 13, "fields": {"nome": "remada sentada", "descricao": ""}}, {"model": "protocolos.exercicio", "pk": 14, "fields": {"nome": "Remeda unilateral com halter", "descricao": ""}}, {"model": "protocolos.exercicio", "pk": 15, "fields": {"nome": "Encolhimento com halter", "descricao": ""}}, {"model": "protocolos.exercicio", "pk": 16, "fields": {"nome": "Rosca direta", "descricao": ""}}, {"model": "protocolos.exercicio", "pk": 17, "fields": {"nome": "Rosca martelo com halter", "descricao": ""}}, {"model": "protocolos.exercicio", "pk": 18, "fields": {"nome": "Rosca alternada", "descricao": ""}}, {"model": "protocolos.exercicio", "pk": 19, "fields": {"nome": "Agachamento smith", "descricao": ""}}, {"model": "protocolos.exercicio", "pk": 20, "fields": {"nome": "Cadeira extensora", "descricao": ""}}, {"model": "protocolos.exercicio", "pk": 21, "fields": {"nome": "Cadeira flexora", "descricao": ""}}, {"model": "protocolos.exercicio", "pk": 22, "fields": {"nome": "Leg press", "descricao": ""}}, {"model": "protocolos.exercicio", "pk": 23, "fields": {"nome": "Cadeira abdutora", "descricao": ""}}, {"model": "protocolos.exercicio", "pk": 24, "fields": {"nome": "Abdominal curto", "descricao": ""}}, {"model": "protocolos.exercicio", "pk": 25, "fields": {"nome": "Prancha", "descricao": ""}}, {"model": "protocolos.exercicio", "pk": 26, "fields": {"nome": "Abdominal Infra", "descricao": ""}}, {"model": "protocolos.exercicio", "pk": 27, "fields": {"nome": "Paturrilha Livre", "descricao": ""}}, {"model": "protocolos.exercicio", "pk": 28, "fields": {"nome": "Paturrilha sentado", "descricao": ""}}, {"model": "protocolos.treinoexercicio", "pk": 1, "fields": {"divisao": 1, "exercicio": 1, "series": 3, "repeticoes_min": 8, "repeticoes_max": 10, "tempo_execucao": null, "tipo_execucao": "reps", "carga": null, "tempo_descanso": null, "ordem": 1}}, {"model": "protocolos.treinoexercicio", "pk": 2, "fields": {"divisao": 1, "exercicio": 3, "series": 3, "repeticoes_min": 8, "repeticoes_max": 10, "tempo_execucao": null, "tipo_execucao": "reps", "carga": null, "tempo_descanso": null, "ordem": 2}}, {"model": "protocolos.treinoexercicio", "pk": 3, "fields": {"divisao": 1, "exercicio": 4, "series": 3, "repeticoes_min": 8, "repeticoes_max": 10, "tempo_execucao": null, "tipo_execucao": "reps", "carga": null, "tempo_descanso": null, "ordem": 3}}, {"model": "protocolos.treinoexercicio", "pk": 4, "fields": {"divisao": 1, "exercicio": 5, "series": 3, "repeticoes_min": 8, "repeticoes_max": 10, "tempo_execucao": null, "tipo_execucao": "reps", "carga": null, "tempo_descanso": null, "ordem": 4}}, {"model": "protocolos.treinoexercicio", "pk": 5, "fields": {"divisao": 1, "exercicio": 6, "series": 3, "repeticoes_min": 10, "repeticoes_max": 15, "tempo_execucao": null, "tipo_execucao": "reps", "carga": null, "tempo_descanso": null, "ordem": 5}}, {"model": "protocolos.treinoexercicio", "pk": 6, "fields": {"divisao": 1, "exercicio": 7, "series": 3, "repeticoes_min": 10, "repeticoes_max": 12, "tempo_execucao": null, "tipo_execucao": "reps", "carga": null, "tempo_descanso": null, "ordem": 6}}, {"model": "protocolos.treinoexercicio", "pk": 7, "fields": {"divisao": 1, "exercicio": 8, "series": 3, "repeticoes_min": 8, "repeticoes_max": 10, "tempo_execucao": null, "tipo_execucao": "reps", "carga": null, "tempo_descanso": null, "ordem": 7}}, {"model": "protocolos.treinoexercicio", "pk": 8, "fields": {"divisao": 1, "exercicio": 9, "series": 3, "repeticoes_min": 8, "repeticoes_max": 10, "tempo_execucao": null, "tipo_execucao": "reps", "carga": null, "tempo_descanso": null, "ordem": 8}}, {"model": "protocolos.treinoexercicio", "pk": 9, "fields": {"divisao": 1, "exercicio": 10, "series": 3, "repeticoes_min": 12, "repeticoes_max": 15, "tempo_execucao": null, "tipo_execucao": "reps", "carga": null, "tempo_descanso": null, "ordem": 9}}, {"model": "protocolos.treinoexercicio", "pk": 10, "fields": {"divisao": 2, "exercicio": 2, "series": 3, "repeticoes_min": 8, "repeticoes_max": 10, "tempo_execucao": null, "tipo_execucao": "reps", "carga": null, "tempo_descanso": null, "ordem": 1}}, {"model": "protocolos.treinoexercicio", "pk": 11, "fields": {"divisao": 2, "exercicio": 11, "series": 3, "repeticoes_min": 10, "repeticoes_max": 15, "tempo_execucao": null, "tipo_execucao": "reps", "carga": null, "tempo_descanso": null, "ordem": 2}}, {"model": "protocolos.treinoexercicio", "pk": 12, "fields": {"divisao": 2, "exercicio": 12, "series": 3, "repeticoes_min": 10, "repeticoes_max": 15, "tempo_execucao": null, "tipo_execucao": "reps", "carga": null, "tempo_descanso": null, "ordem": 3}}, {"model": "protocolos.treinoexercicio", "pk": 13, "fields": {"divisao": 2, "exercicio": 13, "series": 3, "repeticoes_min": 10, "repeticoes_max": 15, "tempo_execucao": null, "tipo_execucao": "reps", "carga": null, "tempo_descanso": null, "ordem": 4}}, {"model": "protocolos.treinoexercicio", "pk": 14, "fields": {"divisao": 2, "exercicio": 14, "series": 3, "repeticoes_min": 10, "repeticoes_max": 10, "tempo_execucao": null, "tipo_execucao": "reps", "carga": null, "tempo_descanso": null, "ordem": 5}}, {"model": "protocolos.treinoexercicio", "pk": 15, "fields": {"divisao": 2, "exercicio": 15, "series": 3, "repeticoes_min": 12, "repeticoes_max": 12, "tempo_execucao": null, "tipo_execucao": "reps", "carga": null, "tempo_descanso": null, "ordem": 6}}, {"model": "protocolos.treinoexercicio", "pk": 16, "fields": {"divisao": 2, "exercicio": 16, "series": 3, "repeticoes_min": 10, "repeticoes_max": 12, "tempo_execucao": null, "tipo_execucao": "reps", "carga": null, "tempo_descanso": null, "ordem": 7}}, {"model": "protocolos.treinoexercicio", "pk": 17, "fields": {"divisao": 2, "exercicio": 17, "series": 3, "repeticoes_min": 8, "repeticoes_max": 10, "tempo_execucao": null, "tipo_execucao": "reps", "carga": null, "tempo_descanso": null, "ordem": 8}}, {"model": "protocolos.treinoexercicio", "pk": 18, "fields": {"divisao": 2, "exercicio": 18, "series": 3, "repeticoes_min": 8, "repeticoes_max": 10, "tempo_execucao": null, "tipo_execucao": "reps", "carga": null, "tempo_descanso": null, "ordem": 9}}, {"model": "protocolos.treinoexercicio", "pk": 19, "fields": {"divisao": 3, "exercicio": 19, "series": 3, "repeticoes_min": 10, "repeticoes_max": 15, "tempo_execucao": null, "tipo_execucao": "reps", "carga": null, "tempo_descanso": null, "ordem": 1}}, {"model": "protocolos.treinoexercicio", "pk": 20, "fields": {"divisao": 3, "exercicio": 20, "series": 3, "repeticoes_min": 8, "repeticoes_max": 10, "tempo_execucao": null, "tipo_execucao": "reps", "carga": null, "tempo_descanso": null, "ordem": 2}}, {"model": "protocolos.treinoexercicio", "pk": 21, "fields": {"divisao": 3, "exercicio": 21, "series": 3, "repeticoes_min": 8, "repeticoes_max": 10, "tempo_execucao": null, "tipo_execucao": "reps", "carga": null, "tempo_descanso": null, "ordem": 3}}, {"model": "protocolos.treinoexercicio", "pk": 22, "fields": {"divisao": 3, "exercicio": 22, "series": 3, "repeticoes_min": 10, "repeticoes_max": 15, "tempo_execucao": null, "tipo_execucao": "reps", "carga": null, "tempo_descanso": null, "ordem": 4}}, {"model": "protocolos.treinoexercicio", "pk": 23, "fields": {"divisao": 3, "exercicio": 28, "series": 3, "repeticoes_min": 12, "repeticoes_max": 15, "tempo_execucao": null, "tipo_execucao": "reps", "carga": null, "tempo_descanso": null, "ordem": 5}}, {"model": "protocolos.treinoexercicio", "pk": 24, "fields": {"divisao": 3, "exercicio": 27, "series": 3, "repeticoes_min": 20, "repeticoes_max": 20, "tempo_execucao": null, "tipo_execucao": "reps", "carga": null, "tempo_descanso": null, "ordem": 6}}, {"model": "protocolos.treinoexercicio", "pk": 25, "fields": {"divisao": 3, "exercicio": 23, "series": 3, "repeticoes_min": 10, "repeticoes_max": 10, "tempo_execucao": null, "tipo_execucao": "reps", "carga": null, "tempo_descanso": null, "ordem": 7}}, {"model": "protocolos.treinoexercicio", "pk": 26, "fields": {"divisao": 3, "exercicio": 24, "series": 3, "repeticoes_min": 10, "repeticoes_max": 15, "tempo_execucao": null, "tipo_execucao": "reps", "carga": null, "tempo_descanso": null, "ordem": 8}}, {"model": "protocolos.treinoexercicio", "pk": 27, "fields": {"divisao": 3, "exercicio": 25, "series": 3, "repeticoes_min": 20, "repeticoes_max": 30, "tempo_execucao": null, "tipo_execucao": "tempo", "carga": null, "tempo_descanso": null, "ordem": 9}}, {"model": "protocolos.treinoexercicio", "pk": 28, "fields": {"divisao": 3, "exercicio": 26, "series": 3, "repeticoes_min": 10, "repeticoes_max": 12, "tempo_execucao": null, "tipo_execucao": "reps", "carga": null, "tempo_descanso": null, "ordem": 10}}, {"model": "protocolos.cardio", "pk": 1, "fields": {"protocolo": 1, "tempo_min": 10, "tempo_max": 40, "frequencia": "Todos os dias após o treino de força"}}]
