[{"model": "protocolos.protocolo", "pk": 1, "fields": {"nome": "Treino de Adaptação", "descricao": "Inicio dia 26/03/2026\r\nFim dia 26/06/2026", "criado_em": "2026-03-27T22:14:14.124Z"}}, {"model": "protocolos.divisaotreino", "pk": 1, "fields": {"protocolo": 1, "nome": "A", "grupo_muscular": "Peito, Ombro e Triceps"}}, {"model": "protocolos.divisaotreino", "pk": 2, "fields": {"protocolo": 1, "nome": "B", "grupo_muscular": "Costa e Biceps"}}, {"model": "protocolos.divisaotreino", "pk": 3, "fields": {"protocolo": 1, "nome": "C", "grupo_muscular": "Abdomen e Pernas"}}, {"model": "protocolos.exercicio", "pk": 1, "fields": {"nome": "Manguito de dentro pra fora", "descricao": ""}}, {"model": "protocolos.exercicio", "pk": 2, "fields": {"nome": "Manguito de fora para dentro", "descricao": ""}}, {"model": "protocolos.exercicio", "pk": 3, "fields": {"nome": "Supino inclinado com halter", "descricao": ""}}, {"model": "protocolos.exercicio", "pk": 4, "fields": {"nome": "Supino reto com halter", "descricao": ""}}, {"model": "protocolos.exercicio", "pk": 5, "fields": {"nome": "Cross over polia alta", "descricao": ""}}, {"model": "protocolos.exercicio", "pk": 6, "fields": {"nome": "Peck deck voador", "descricao": ""}}, {"model": "protocolos.exercicio", "pk": 7, "fields": {"nome": "Cruxifixo inverso maquina", "descricao": ""}}, {"model": "protocolos.exercicio", "pk": 8, "fields": {"nome": "Elevação lateral", "descricao": ""}}, {"model": "protocolos.exercicio", "pk": 9, "fields": {"nome": "Triceps pulley", "descricao": ""}}, {"model": "protocolos.exercicio", "pk": 10, "fields": {"nome": "Triceps corda", "descricao": ""}}, {"model": "protocolos.exercicio", "pk": 11, "fields": {"nome": "Puxado de frente barra", "descricao": ""}}, {"model": "protocolos.exercicio", "pk": 12, "fields": {"nome": "puxador de frente delta", "descricao": ""}}, {"model": "protocolos.exercicio", "pk": 13, "fields": {"nome": "remada sentada", "descricao": ""}}, {"model": "protocolos.exercicio", "pk": 14, "fields": {"nome": "Remeda unilateral com halter", "descricao": ""}}, {"model": "protocolos.exercicio", "pk": 15, "fields": {"nome": "Encolhimento com halter", "descricao": ""}}, {"model": "protocolos.exercicio", "pk": 16, "fields": {"nome": "Rosca direta", "descricao": ""}}, {"model": "protocolos.exercicio", "pk": 17, "fields": {"nome": "Rosca martelo com halter", "descricao": ""}}, {"model": "protocolos.exercicio", "pk": 18, "fields": {"nome": "Rosca alternada", "descricao": ""}}, {"model": "protocolos.exercicio", "pk": 19, "fields": {"nome": "Agachamento smith", "descricao": ""}}, {"model": "protocolos.exercicio", "pk": 20, "fields": {"nome": "Cadeira extensora", "descricao": ""}}, {"model": "protocolos.exercicio", "pk": 21, "fields": {"nome": "Cadeira flexora", "descricao": ""}}, {"model": "protocolos.exercicio", "pk": 22, "fields": {"nome": "Leg press", "descricao": ""}}, {"model": "protocolos.exercicio", "pk": 23, "fields": {"nome": "Cadeira abdutora", "descricao": ""}}, {"model": "protocolos.exercicio", "pk": 24, "fields": {"nome": "Abdominal curto", "descricao": ""}}, {"model": "protocolos.exercicio", "pk": 25, "fields": {"nome": "Prancha", "descricao": ""}}, {"model": "protocolos.exercicio", "pk": 26, "fields": {"nome": "Abdominal Infra", "descricao": ""}}, {"model": "protocolos.exercicio", "pk": 27, "fields": {"nome": "Paturrilha Livre", "descricao": ""}}, {"model": "protocolos.exercicio", "pk": 28, "fields": {"nome": "Paturrilha sentado", "descricao": ""}}, {"model": "protocolos.treinoexercicio", "pk": 1, "fields": {"divisao": 1, "exercicio": 1, "series": 3, "repeticoes_min": 8, "repeticoes_max": 10, "tempo_execucao": null, "tipo_execucao": "reps", "carga": null, "tempo_descanso": null, "ordem": 1}}, {"model": "protocolos.treinoexercicio", "pk": 2, "fields": {"divisao": 1, "exercicio": 3, "series": 3, "repeticoes_min": 8, "repeticoes_max": 10, "tempo_execucao": null, "tipo_execucao": "reps", "carga": null, "tempo_descanso": null, "ordem": 2}}, {"model": "protocolos.treinoexercicio", "pk": 3, "fields": {"divisao": 1, "exercicio": 4, "series": 3, "repeticoes_min": 8, "repeticoes_max": 10, "tempo_execucao": null, "tipo_execucao": "reps", "carga": null, "tempo_descanso": null, "ordem": 3}}, {"model": "protocolos.treinoexercicio", "pk": 4, "fields": {"divisao": 1, "exercicio": 5, "series": 3, "repeticoes_min": 8, "repeticoes_max": 10, "tempo_execucao": null, "tipo_execucao": "reps", "carga": null, "tempo_descanso": null, "ordem": 4}}, {"model": "protocolos.treinoexercicio", "pk": 5, "fields": {"divisao": 1, "exercicio": 6, "series": 3, "repeticoes_min": 10, "repeticoes_max": 15, "tempo_execucao": null, "tipo_execucao": "reps", "carga": null, "tempo_descanso": null, "ordem": 5}}, {"model": "protocolos.treinoexercicio", "pk": 6, "fields": {"divisao": 1, "exercicio": 7, "series": 3, "repeticoes_min": 10, "repeticoes_max": 12, "tempo_execucao": null, "tipo_execucao": "reps", "carga": null, "tempo_descanso": null, "ordem": 6}}, {"model": "protocolos.treinoexercicio", "pk": 7, "fields": {"divisao": 1, "exercicio": 8, "series": 3, "repeticoes_min": 8, "repeticoes_max": 10, "tempo_execucao": null, "tipo_execucao": "reps", "carga": null, "tempo_descanso": null, "ordem": 7}}, {"model": "protocolos.treinoexercicio", "pk": 8, "fields": {"divisao": 1, "exercicio": 9, "series": 3, "repeticoes_min": 8, "repeticoes_max": 10, "tempo_execucao": null, "tipo_execucao": "reps", "carga": null, "tempo_descanso": null, "ordem": 8}}, {"model": "protocolos.treinoexercicio", "pk": 9, "fields": {"divisao": 1, "exercicio": 10, "series": 3, "repeticoes_min": 12, "repeticoes_max": 15, "tempo_execucao": null, "tipo_execucao": "reps", "carga": null, "tempo_descanso": null, "ordem": 9}}, {"model": "protocolos.treinoexercicio", "pk": 10, "fields": {"divisao": 2, "exercicio": 2, "series": 3, "repeticoes_min": 8, "repeticoes_max": 10, "tempo_execucao": null, "tipo_execucao": "reps", "carga": null, "tempo_descanso": null, "ordem": 1}}, {"model": "protocolos.treinoexercicio", "pk": 11, "fields": {"divisao": 2, "exercicio": 11, "series": 3, "repeticoes_min": 10, "repeticoes_max": 15, "tempo_execucao": null, "tipo_execucao": "reps", "carga": null, "tempo_descanso": null, "ordem": 2}}, {"model": "protocolos.treinoexercicio", "pk": 12, "fields": {"divisao": 2, "exercicio": 12, "series": 3, "repeticoes_min": 10, "repeticoes_max": 15, "tempo_execucao": null, "tipo_execucao": "reps", "carga": null, "tempo_descanso": null, "ordem": 3}}, {"model": "protocolos.treinoexercicio", "pk": 13, "fields": {"divisao": 2, "exercicio": 13, "series": 3, "repeticoes_min": 10, "repeticoes_max": 15, "tempo_execucao": null, "tipo_execucao": "reps", "carga": null, "tempo_descanso": null, "ordem": 4}}, {"model": "protocolos.treinoexercicio", "pk": 14, "fields": {"divisao": 2, "exercicio": 14, "series": 3, "repeticoes_min": 10, "repeticoes_max": 10, "tempo_execucao": null, "tipo_execucao": "reps", "carga": null, "tempo_descanso": null, "ordem": 5}}, {"model": "protocolos.treinoexercicio", "pk": 15, "fields": {"divisao": 2, "exercicio": 15, "series": 3, "repeticoes_min": 12, "repeticoes_max": 12, "tempo_execucao": null, "tipo_execucao": "reps", "carga": null, "tempo_descanso": null, "ordem": 6}}, {"model": "protocolos.treinoexercicio", "pk": 16, "fields": {"divisao": 2, "exercicio": 16, "series": 3, "repeticoes_min": 10, "repeticoes_max": 12, "tempo_execucao": null, "tipo_execucao": "reps", "carga": null, "tempo_descanso": null, "ordem": 7}}, {"model": "protocolos.treinoexercicio", "pk": 17, "fields": {"divisao": 2, "exercicio": 17, "series": 3, "repeticoes_min": 8, "repeticoes_max": 10, "tempo_execucao": null, "tipo_execucao": "reps", "carga": null, "tempo_descanso": null, "ordem": 8}}, {"model": "protocolos.treinoexercicio", "pk": 18, "fields": {"divisao": 2, "exercicio": 18, "series": 3, "repeticoes_min": 8, "repeticoes_max": 10, "tempo_execucao": null, "tipo_execucao": "reps", "carga": null, "tempo_descanso": null, "ordem": 9}}, {"model": "protocolos.treinoexercicio", "pk": 19, "fields": {"divisao": 3, "exercicio": 19, "series": 3, "repeticoes_min": 10, "repeticoes_max": 15, "tempo_execucao": null, "tipo_execucao": "reps", "carga": null, "tempo_descanso": null, "ordem": 1}}, {"model": "protocolos.treinoexercicio", "pk": 20, "fields": {"divisao": 3, "exercicio": 20, "series": 3, "repeticoes_min": 8, "repeticoes_max": 10, "tempo_execucao": null, "tipo_execucao": "reps", "carga": null, "tempo_descanso": null, "ordem": 2}}, {"model": "protocolos.treinoexercicio", "pk": 21, "fields": {"divisao": 3, "exercicio": 21, "series": 3, "repeticoes_min": 8, "repeticoes_max": 10, "tempo_execucao": null, "tipo_execucao": "reps", "carga": null, "tempo_descanso": null, "ordem": 3}}, {"model": "protocolos.treinoexercicio", "pk": 22, "fields": {"divisao": 3, "exercicio": 22, "series": 3, "repeticoes_min": 10, "repeticoes_max": 15, "tempo_execucao": null, "tipo_execucao": "reps", "carga": null, "tempo_descanso": null, "ordem": 4}}, {"model": "protocolos.treinoexercicio", "pk": 23, "fields": {"divisao": 3, "exercicio": 28, "series": 3, "repeticoes_min": 12, "repeticoes_max": 15, "tempo_execucao": null, "tipo_execucao": "reps", "carga": null, "tempo_descanso": null, "ordem": 5}}, {"model": "protocolos.treinoexercicio", "pk": 24, "fields": {"divisao": 3, "exercicio": 27, "series": 3, "repeticoes_min": 20, "repeticoes_max": 20, "tempo_execucao": null, "tipo_execucao": "reps", "carga": null, "tempo_descanso": null, "ordem": 6}}, {"model": "protocolos.treinoexercicio", "pk": 25, "fields": {"divisao": 3, "exercicio": 23, "series": 3, "repeticoes_min": 10, "repeticoes_max": 10, "tempo_execucao": null, "tipo_execucao": "reps", "carga": null, "tempo_descanso": null, "ordem": 7}}, {"model": "protocolos.treinoexercicio", "pk": 26, "fields": {"divisao": 3, "exercicio": 24, "series": 3, "repeticoes_min": 10, "repeticoes_max": 15, "tempo_execucao": null, "tipo_execucao": "reps", "carga": null, "tempo_descanso": null, "ordem": 8}}, {"model": "protocolos.treinoexercicio", "pk": 27, "fields": {"divisao": 3, "exercicio": 25, "series": 3, "repeticoes_min": 20, "repeticoes_max": 30, "tempo_execucao": null, "tipo_execucao": "tempo", "carga": null, "tempo_descanso": null, "ordem": 9}}, {"model": "protocolos.treinoexercicio", "pk": 28, "fields": {"divisao": 3, "exercicio": 26, "series": 3, "repeticoes_min": 10, "repeticoes_max": 12, "tempo_execucao": null, "tipo_execucao": "reps", "carga": null, "tempo_descanso": null, "ordem": 10}}, {"model": "protocolos.cardio", "pk": 1, "fields": {"protocolo": 1, "tempo_min": 10, "tempo_max": 40, "frequencia": "Todos os dias após o treino de força"}}]
